ID,Sequence
1,GCGAATTAATACGACTCACTATAGGGAGACCACAACGGTTTCCCTCTAGAAATAATTTTGTTTAACTTTAAGAAGGAGATATACATATGAAAATCGAAGAAGATTACAAGGATCACGATGGAGACTATAAGGATCACGACATCGATTACAAAGACGATGACGACAAATCAGGCCATCACCATCATCATCATCATCACTCGTCAGGCCAAGCTCAGGCTCAACACCTTTGCTGTGCTTTTTGTTGTTGTAAAAAATGCGAGCTTTGCCCCAAATAGTAGTAAGGAGGATCCCGGGAATTCTCGAGTAAGGTTAACCTGCTAGCATAACCCCTTGGGGCCTCTAAACGGGTCTTGAGGGGTTTTTTG
2,GCGAATTAATACGACTCACTATAGGGAGACCACAACGGTTTCCCTCTAGAAATAATTTTGTTTAACTTTAAGAAGGAGATATACATATGAAAATCGAAGAAGATTACAAGGATCACGATGGAGACTATAAGGATCACGACATCGATTACAAAGACGATGACGACAAATCAGGCCATCACCATCATCATCATCATCACTCGTCAGGCGCTGGGTGTGTACAGTGTCTGTGTTGCTGCTGCTGCTGTTATGCAAAAGTCTGCGCTTTTCCTAAATAGTAGTAAGGAGGATCCCGGGAATTCTCGAGTAAGGTTAACCTGCTAGCATAACCCCTTGGGGCCTCTAAACGGGTCTTGAGGGGTTTTTTG
3,GCGAATTAATACGACTCACTATAGGGAGACCACAACGGTTTCCCTCTAGAAATAATTTTGTTTAACTTTAAGAAGGAGATATACATATGAAAATCGAAGAAGATTACAAGGATCACGATGGAGACTATAAGGATCACGACATCGATTACAAAGACGATGACGACAAATCAGGCCATCACCATCATCATCATCATCACTCGTCAGGCTGTGGACAAGCACAACACTTGTGTGCAGCCTTCAGTCAATACAAGAAAGTTGAGCTTTTTCCTAAGTAGTAGTAAGGAGGATCCCGGGAATTCTCGAGTAAGGTTAACCTGCTAGCATAACCCCTTGGGGCCTCTAAACGGGTCTTGAGGGGTTTTTTG
4,GCGAATTAATACGACTCACTATAGGGAGACCACAACGGTTTCCCTCTAGAAATAATTTTGTTTAACTTTAAGAAGGAGATATACATATGAAAATCGAAGAAGATTACAAGGATCACGATGGAGACTATAAGGATCACGACATCGATTACAAAGACGATGACGACAAATCAGGCCATCACCATCATCATCATCATCACTCGTCAGGCCAAGCTCAAGTACAACACGCGTGTGCAGCCTGTTCGGCATACAAGAAATGCGAGCTTTTTGCTTGCTAGTAGTAAGGAGGATCCCGGGAATTCTCGAGTAAGGTTAACCTGCTAGCATAACCCCTTGGGGCCTCTAAACGGGTCTTGAGGGGTTTTTTG
5,GCGAATTAATACGACTCACTATAGGGAGACCACAACGGTTTCCCTCTAGAAATAATTTTGTTTAACTTTAAGAAGGAGATATACATATGAAAATCGAAGAAGATTACAAGGATCACGATGGAGACTATAAGGATCACGACATCGATTACAAAGACGATGACGACAAATCAGGCCATCACCATCATCATCATCATCACTCGTCAGGCCAAGCGTGTGTACAAGCATTGGCCGCTTGCGAGAGTCAGTGCAAGTGCGTATGTTTGTGTCCGTGTTAGTAGTAAGGAGGATCCCGGGAATTCTCGAGTAAGGTTAACCTGCTAGCATAACCCCTTGGGGCCTCTAAACGGGTCTTGAGGGGTTTTTTG
6,GCGAATTAATACGACTCACTATAGGGAGACCACAACGGTTTCCCTCTAGAAATAATTTTGTTTAACTTTAAGAAGGAGATATACATATGAAAATCGAAGAAGATTACAAGGATCACGATGGAGACTATAAGGATCACGACATCGATTACAAAGACGATGACGACAAATCAGGCCATCACCATCATCATCATCATCACTCGTCAGGCTGTTGCCAATGCTGCCATTGTCAATGCTGTTTTAGTCAATATTGTAAGGTCTGCTGTGAGCCGAAGTAGTAGTAAGGAGGATCCCGGGAATTCTCGAGTAAGGTTAACCTGCTAGCATAACCCCTTGGGGCCTCTAAACGGGTCTTGAGGGGTTTTTTG
7,GCGAATTAATACGACTCACTATAGGGAGACCACAACGGTTTCCCTCTAGAAATAATTTTGTTTAACTTTAAGAAGGAGATATACATATGAAAATCGAAGAAGATTACAAGGATCACGATGGAGACTATAAGGATCACGACATCGATTACAAAGACGATGACGACAAATCAGGCCATCACCATCATCATCATCATCACTCGTCAGGCGCCGGTTGTTGTCAATGTTGTTGCTGTGCATTCTGTCAGTACAAAAAATGTTGTTGTTTCTGTTGTTAGTAGTAAGGAGGATCCCGGGAATTCTCGAGTAAGGTTAACCTGCTAGCATAACCCCTTGGGGCCTCTAAACGGGTCTTGAGGGGTTTTTTG
8,GCGAATTAATACGACTCACTATAGGGAGACCACAACGGTTTCCCTCTAGAAATAATTTTGTTTAACTTTAAGAAGGAGATATACATATGAAAATCGAAGAAGATTACAAGGATCACGATGGAGACTATAAGGATCACGACATCGATTACAAAGACGATGACGACAAATCAGGCCATCACCATCATCATCATCATCACTCGTCAGGCCAAGGGCAAGTGCAACATTTACAAGCAGCATTTAGCCAATACAAAAAGGTGTGTCTTTTCCCTAAATAGTAGTAAGGAGGATCCCGGGAATTCTCGAGTAAGGTTAACCTGCTAGCATAACCCCTTGGGGCCTCTAAACGGGTCTTGAGGGGTTTTTTG
9,GCGAATTAATACGACTCACTATAGGGAGACCACAACGGTTTCCCTCTAGAAATAATTTTGTTTAACTTTAAGAAGGAGATATACATATGAAAATCGAAGAAGATTACAAGGATCACGATGGAGACTATAAGGATCACGACATCGATTACAAAGACGATGACGACAAATCAGGCCATCACCATCATCATCATCATCACTCGTCAGGCTGCGGTCAGGTTTGTCACTTGCAATGTGCCTTCAGTTGCTATAAAAAGTGTGAGCTGTTTCCGAAATGTTAGTAGTAAGGAGGATCCCGGGAATTCTCGAGTAAGGTTAACCTGCTAGCATAACCCCTTGGGGCCTCTAAACGGGTCTTGAGGGGTTTTTTG
10,GCGAATTAATACGACTCACTATAGGGAGACCACAACGGTTTCCCTCTAGAAATAATTTTGTTTAACTTTAAGAAGGAGATATACATATGAAAATCGAAGAAGATTACAAGGATCACGATGGAGACTATAAGGATCACGACATCGATTACAAAGACGATGACGACAAATCAGGCCATCACCATCATCATCATCATCACTCGTCAGGCCAAGGTCAGGTCCAGCACTGCCAAGCTGCTTTCTCTCAGTACAAGAAGTGCTGTCTGTTTCCTAAATAGTAGTAAGGAGGATCCCGGGAATTCTCGAGTAAGGTTAACCTGCTAGCATAACCCCTTGGGGCCTCTAAACGGGTCTTGAGGGGTTTTTTG
11,GCGAATTAATACGACTCACTATAGGGAGACCACAACGGTTTCCCTCTAGAAATAATTTTGTTTAACTTTAAGAAGGAGATATACATATGAAAATCGAAGAAGATTACAAGGATCACGATGGAGACTATAAGGATCACGACATCGATTACAAAGACGATGACGACAAATCAGGCCATCACCATCATCATCATCATCACTCGTCAGGCTGCACACCTCCAAGTTGTTGTCAACTTCATCACGCGTAGTAGTAAGGAGGATCCCGGGAATTCTCGAGTAAGGTTAACCTGCTAGCATAACCCCTTGGGGCCTCTAAACGGGTCTTGAGGGGTTTTTTG
12,GCGAATTAATACGACTCACTATAGGGAGACCACAACGGTTTCCCTCTAGAAATAATTTTGTTTAACTTTAAGAAGGAGATATACATATGAAAATCGAAGAAGATTACAAGGATCACGATGGAGACTATAAGGATCACGACATCGATTACAAAGACGATGACGACAAATCAGGCCATCACCATCATCATCATCATCACTCGTCAGGCCAGGGGTGTTGCTGTCATTGCCAGTGCGCCTTCTGTCAGTATTGTGCCTGTGAACTGTGTAAATAGTAGTAAGGAGGATCCCGGGAATTCTCGAGTAAGGTTAACCTGCTAGCATAACCCCTTGGGGCCTCTAAACGGGTCTTGAGGGGTTTTTTG
13,GCGAATTAATACGACTCACTATAGGGAGACCACAACGGTTTCCCTCTAGAAATAATTTTGTTTAACTTTAAGAAGGAGATATACATATGAAAATCGAAGAAGATTACAAGGATCACGATGGAGACTATAAGGATCACGACATCGATTACAAAGACGATGACGACAAATCAGGCCATCACCATCATCATCATCATCACTCGTCAGGCCAATGCCAGGCTCAATGCGCGTGTGCGGCGTGTTGTCAGTATAAGAAGGTGGCCTGTTTCCCGAAATAGTAGTAAGGAGGATCCCGGGAATTCTCGAGTAAGGTTAACCTGCTAGCATAACCCCTTGGGGCCTCTAAACGGGTCTTGAGGGGTTTTTTG
14,GCGAATTAATACGACTCACTATAGGGAGACCACAACGGTTTCCCTCTAGAAATAATTTTGTTTAACTTTAAGAAGGAGATATACATATGAAAATCGAAGAAGATTACAAGGATCACGATGGAGACTATAAGGATCACGACATCGATTACAAAGACGATGACGACAAATCAGGCCATCACCATCATCATCATCATCACTCGTCAGGCCAGGGACAGGTCCAATGTCTTCAAGCCGCGGCATCCCAGTATAAAAAGTGCGAGCTTTTTTGTAAGTAGTAGTAAGGAGGATCCCGGGAATTCTCGAGTAAGGTTAACCTGCTAGCATAACCCCTTGGGGCCTCTAAACGGGTCTTGAGGGGTTTTTTG
15,GCGAATTAATACGACTCACTATAGGGAGACCACAACGGTTTCCCTCTAGAAATAATTTTGTTTAACTTTAAGAAGGAGATATACATATGAAAATCGAAGAAGATTACAAGGATCACGATGGAGACTATAAGGATCACGACATCGATTACAAAGACGATGACGACAAATCAGGCCATCACCATCATCATCATCATCACTCGTCAGGCCAGGGGCAGGTCCAGTGTCTTCAGTGCGCATTCTGCTGTTATAAAAAAGTGGAGTTATTTTGTTGCTAGTAGTAAGGAGGATCCCGGGAATTCTCGAGTAAGGTTAACCTGCTAGCATAACCCCTTGGGGCCTCTAAACGGGTCTTGAGGGGTTTTTTG
16,GCGAATTAATACGACTCACTATAGGGAGACCACAACGGTTTCCCTCTAGAAATAATTTTGTTTAACTTTAAGAAGGAGATATACATATGAAAATCGAAGAAGATTACAAGGATCACGATGGAGACTATAAGGATCACGACATCGATTACAAAGACGATGACGACAAATCAGGCCATCACCATCATCATCATCATCACTCGTCAGGCTGCTGTTGTGTCTGTTGTTGTCAAGCAGCGTGCAGTGCTTATTGCTGTTGTTGTGCATGTGCAAAGTAGTAGTAAGGAGGATCCCGGGAATTCTCGAGTAAGGTTAACCTGCTAGCATAACCCCTTGGGGCCTCTAAACGGGTCTTGAGGGGTTTTTTG
17,GCGAATTAATACGACTCACTATAGGGAGACCACAACGGTTTCCCTCTAGAAATAATTTTGTTTAACTTTAAGAAGGAGATATACATATGAAAATCGAAGAAGATTACAAGGATCACGATGGAGACTATAAGGATCACGACATCGATTACAAAGACGATGACGACAAATCAGGCCATCACCATCATCATCATCATCACTCGTCAGGCCAGTGTCAGTGCCAATGTCTGCAAGCTGCATTTTGCTGCTACTGCAAGGTTGAACTGTGTAAGTAGTAGTAAGGAGGATCCCGGGAATTCTCGAGTAAGGTTAACCTGCTAGCATAACCCCTTGGGGCCTCTAAACGGGTCTTGAGGGGTTTTTTG
18,GCGAATTAATACGACTCACTATAGGGAGACCACAACGGTTTCCCTCTAGAAATAATTTTGTTTAACTTTAAGAAGGAGATATACATATGAAAATCGAAGAAGATTACAAGGATCACGATGGAGACTATAAGGATCACGACATCGATTACAAAGACGATGACGACAAATCAGGCCATCACCATCATCATCATCATCACTCGTCAGGCCAGGGATGTGTTCAACATCTGCAAGCGTGCTGTTGTCAATACTGCAAAGTCGAACTGTGCCCAAAGTAGTAGTAAGGAGGATCCCGGGAATTCTCGAGTAAGGTTAACCTGCTAGCATAACCCCTTGGGGCCTCTAAACGGGTCTTGAGGGGTTTTTTG
19,GCGAATTAATACGACTCACTATAGGGAGACCACAACGGTTTCCCTCTAGAAATAATTTTGTTTAACTTTAAGAAGGAGATATACATATGAAAATCGAAGAAGATTACAAGGATCACGATGGAGACTATAAGGATCACGACATCGATTACAAAGACGATGACGACAAATCAGGCCATCACCATCATCATCATCATCACTCGTCAGGCCAAGGACAGGTGCAACATCTTCAAGCTTGCTTCTCTTGTTATAAGTGTGTCGAATTATTTCCGTGCTAGTAGTAAGGAGGATCCCGGGAATTCTCGAGTAAGGTTAACCTGCTAGCATAACCCCTTGGGGCCTCTAAACGGGTCTTGAGGGGTTTTTTG
20,GCGAATTAATACGACTCACTATAGGGAGACCACAACGGTTTCCCTCTAGAAATAATTTTGTTTAACTTTAAGAAGGAGATATACATATGAAAATCGAAGAAGATTACAAGGATCACGATGGAGACTATAAGGATCACGACATCGATTACAAAGACGATGACGACAAATCAGGCCATCACCATCATCATCATCATCACTCGTCAGGCTGCTGCCAGTGTCAGCATTGTCAGTGCTGCTGCAGCTGTTACAAGAAAGTCGAGTGCTTTCCTTGCTAGTAGTAAGGAGGATCCCGGGAATTCTCGAGTAAGGTTAACCTGCTAGCATAACCCCTTGGGGCCTCTAAACGGGTCTTGAGGGGTTTTTTG
21,GCGAATTAATACGACTCACTATAGGGAGACCACAACGGTTTCCCTCTAGAAATAATTTTGTTTAACTTTAAGAAGGAGATATACATATGAAAATCGAAGAAGATTACAAGGATCACGATGGAGACTATAAGGATCACGACATCGATTACAAAGACGATGACGACAAATCAGGCCATCACCATCATCATCATCATCACTCGTCAGGCGGAGGCGTCTGCGGACCAAGCCCACCTTGCATTACAACGTAGTAGTAAGGAGGATCCCGGGAATTCTCGAGTAAGGTTAACCTGCTAGCATAACCCCTTGGGGCCTCTAAACGGGTCTTGAGGGGTTTTTTG
22,GCGAATTAATACGACTCACTATAGGGAGACCACAACGGTTTCCCTCTAGAAATAATTTTGTTTAACTTTAAGAAGGAGATATACATATGAAAATCGAAGAAGATTACAAGGATCACGATGGAGACTATAAGGATCACGACATCGATTACAAAGACGATGACGACAAATCAGGCCATCACCATCATCATCATCATCACTCGTCAGGCTGTGGAGCGGTCCAGTGTTGCTGTGCCTGTTGTTGCTGTGCAAAGGTAGAGTGCTTCTGCGCCTAGTAGTAAGGAGGATCCCGGGAATTCTCGAGTAAGGTTAACCTGCTAGCATAACCCCTTGGGGCCTCTAAACGGGTCTTGAGGGGTTTTTTG
23,GCGAATTAATACGACTCACTATAGGGAGACCACAACGGTTTCCCTCTAGAAATAATTTTGTTTAACTTTAAGAAGGAGATATACATATGAAAATCGAAGAAGATTACAAGGATCACGATGGAGACTATAAGGATCACGACATCGATTACAAAGACGATGACGACAAATCAGGCCATCACCATCATCATCATCATCACTCGTCAGGCCAAGGACAAGTTCAACACTTGCAAGCGGCCTTCTCTCAATGCTGCGCCTGCGAGTGTTTTCCAAAATAGTAGTAAGGAGGATCCCGGGAATTCTCGAGTAAGGTTAACCTGCTAGCATAACCCCTTGGGGCCTCTAAACGGGTCTTGAGGGGTTTTTTG
24,GCGAATTAATACGACTCACTATAGGGAGACCACAACGGTTTCCCTCTAGAAATAATTTTGTTTAACTTTAAGAAGGAGATATACATATGAAAATCGAAGAAGATTACAAGGATCACGATGGAGACTATAAGGATCACGACATCGATTACAAAGACGATGACGACAAATCAGGCCATCACCATCATCATCATCATCACTCGTCAGGCCAAGGACAAGTCCAGCACTTGCAAGCGTGCTTTAGTGCGTACAAAAAAGTAGAGTTAGAGCCCAAATAGTAGTAAGGAGGATCCCGGGAATTCTCGAGTAAGGTTAACCTGCTAGCATAACCCCTTGGGGCCTCTAAACGGGTCTTGAGGGGTTTTTTG
25,GCGAATTAATACGACTCACTATAGGGAGACCACAACGGTTTCCCTCTAGAAATAATTTTGTTTAACTTTAAGAAGGAGATATACATATGAAAATCGAAGAAGATTACAAGGATCACGATGGAGACTATAAGGATCACGACATCGATTACAAAGACGATGACGACAAATCAGGCCATCACCATCATCATCATCATCACTCGTCAGGCCAGGCATGTGTACAGCATTGCCAGTGTTGCTTTTGTCAGGCTAAGGCGGTAGAGTTGTGCAAATAGTAGTAAGGAGGATCCCGGGAATTCTCGAGTAAGGTTAACCTGCTAGCATAACCCCTTGGGGCCTCTAAACGGGTCTTGAGGGGTTTTTTG
26,GCGAATTAATACGACTCACTATAGGGAGACCACAACGGTTTCCCTCTAGAAATAATTTTGTTTAACTTTAAGAAGGAGATATACATATGAAAATCGAAGAAGATTACAAGGATCACGATGGAGACTATAAGGATCACGACATCGATTACAAAGACGATGACGACAAATCAGGCCATCACCATCATCATCATCATCACTCGTCAGGCCAAGGGCAAGTGCAACATTGCCAAGCCGCTTTCTCTCAATATAAATGCGTATGTTTATTTCCGAAGTAGTAGTAAGGAGGATCCCGGGAATTCTCGAGTAAGGTTAACCTGCTAGCATAACCCCTTGGGGCCTCTAAACGGGTCTTGAGGGGTTTTTTG
27,GCGAATTAATACGACTCACTATAGGGAGACCACAACGGTTTCCCTCTAGAAATAATTTTGTTTAACTTTAAGAAGGAGATATACATATGAAAATCGAAGAAGATTACAAGGATCACGATGGAGACTATAAGGATCACGACATCGATTACAAAGACGATGACGACAAATCAGGCCATCACCATCATCATCATCATCACTCGTCAGGCTGCGGGTGTTGTTGCCATTTGTGCTGCTGCGAGTGTTGTTACAAAAAATGTGAATTATTTCCGAAGTGTTAGTAGTAAGGAGGATCCCGGGAATTCTCGAGTAAGGTTAACCTGCTAGCATAACCCCTTGGGGCCTCTAAACGGGTCTTGAGGGGTTTTTTG
28,GCGAATTAATACGACTCACTATAGGGAGACCACAACGGTTTCCCTCTAGAAATAATTTTGTTTAACTTTAAGAAGGAGATATACATATGAAAATCGAAGAAGATTACAAGGATCACGATGGAGACTATAAGGATCACGACATCGATTACAAAGACGATGACGACAAATCAGGCCATCACCATCATCATCATCATCACTCGTCAGGCCAGTGCTGTTGTCAGCACTGTCAGGCTTGCTGCTGCTGTTACAAAAAGTGCTGCCCCAAGTAGTAGTAAGGAGGATCCCGGGAATTCTCGAGTAAGGTTAACCTGCTAGCATAACCCCTTGGGGCCTCTAAACGGGTCTTGAGGGGTTTTTTG
29,GCGAATTAATACGACTCACTATAGGGAGACCACAACGGTTTCCCTCTAGAAATAATTTTGTTTAACTTTAAGAAGGAGATATACATATGAAAATCGAAGAAGATTACAAGGATCACGATGGAGACTATAAGGATCACGACATCGATTACAAAGACGATGACGACAAATCAGGCCATCACCATCATCATCATCATCACTCGTCAGGCCAAGGCCAAGTGTGTTGCTGCTGTGCGGCGTTCTGCTGCTGTAAATGTGTCGAACTTTGTTGTAAGTAGTAGTAAGGAGGATCCCGGGAATTCTCGAGTAAGGTTAACCTGCTAGCATAACCCCTTGGGGCCTCTAAACGGGTCTTGAGGGGTTTTTTG
30,GCGAATTAATACGACTCACTATAGGGAGACCACAACGGTTTCCCTCTAGAAATAATTTTGTTTAACTTTAAGAAGGAGATATACATATGAAAATCGAAGAAGATTACAAGGATCACGATGGAGACTATAAGGATCACGACATCGATTACAAAGACGATGACGACAAATCAGGCCATCACCATCATCATCATCATCACTCGTCAGGCCAAGGCCAAGTGCAGCACTTACAGTGCGCATTCAGCTGCTATAAAAAGTGCGAATTGTTTCCCAAATAGTAGTAAGGAGGATCCCGGGAATTCTCGAGTAAGGTTAACCTGCTAGCATAACCCCTTGGGGCCTCTAAACGGGTCTTGAGGGGTTTTTTG
31,GCGAATTAATACGACTCACTATAGGGAGACCACAACGGTTTCCCTCTAGAAATAATTTTGTTTAACTTTAAGAAGGAGATATACATATGAAAATCGAAGAAGATTACAAGGATCACGATGGAGACTATAAGGATCACGACATCGATTACAAAGACGATGACGACAAATCAGGCCATCACCATCATCATCATCATCACTCGTCAGGCCAGGGTCAATGTCAACATTGCCAAGCAGCAAGCCAGGCTTGTAAAGCTGAACTGTTCCCAAAATAGTAGTAAGGAGGATCCCGGGAATTCTCGAGTAAGGTTAACCTGCTAGCATAACCCCTTGGGGCCTCTAAACGGGTCTTGAGGGGTTTTTTG
32,GCGAATTAATACGACTCACTATAGGGAGACCACAACGGTTTCCCTCTAGAAATAATTTTGTTTAACTTTAAGAAGGAGATATACATATGAAAATCGAAGAAGATTACAAGGATCACGATGGAGACTATAAGGATCACGACATCGATTACAAAGACGATGACGACAAATCAGGCCATCACCATCATCATCATCATCACTCGTCAGGCCAGGGATGTTGCTGCCATTGTTGTTGCTGTTTCTGTCAATGTTGCTGCGTAGAATTGTTTCCCTGCTAGTAGTAAGGAGGATCCCGGGAATTCTCGAGTAAGGTTAACCTGCTAGCATAACCCCTTGGGGCCTCTAAACGGGTCTTGAGGGGTTTTTTG
33,GCGAATTAATACGACTCACTATAGGGAGACCACAACGGTTTCCCTCTAGAAATAATTTTGTTTAACTTTAAGAAGGAGATATACATATGAAAATCGAAGAAGATTACAAGGATCACGATGGAGACTATAAGGATCACGACATCGATTACAAAGACGATGACGACAAATCAGGCCATCACCATCATCATCATCATCACTCGTCAGGCTGCGGCCAAGTCTGTCATCTTCAGTGTGCATTCTCATGCTATAAGAAGTGCGAGCTGTTCCCAAAATAGTAGTAAGGAGGATCCCGGGAATTCTCGAGTAAGGTTAACCTGCTAGCATAACCCCTTGGGGCCTCTAAACGGGTCTTGAGGGGTTTTTTG
34,GCGAATTAATACGACTCACTATAGGGAGACCACAACGGTTTCCCTCTAGAAATAATTTTGTTTAACTTTAAGAAGGAGATATACATATGAAAATCGAAGAAGATTACAAGGATCACGATGGAGACTATAAGGATCACGACATCGATTACAAAGACGATGACGACAAATCAGGCCATCACCATCATCATCATCATCACTCGTCAGGCCAAGGACAAGTCCAGCATCTGCAAGCGGCGTTTTCCCAATACAAGAAGGTTGAGCTGTTCCCAAAGTAGTAGTAAGGAGGATCCCGGGAATTCTCGAGTAAGGTTAACCTGCTAGCATAACCCCTTGGGGCCTCTAAACGGGTCTTGAGGGGTTTTTTG
35,GCGAATTAATACGACTCACTATAGGGAGACCACAACGGTTTCCCTCTAGAAATAATTTTGTTTAACTTTAAGAAGGAGATATACATATGAAAATCGAAGAAGATTACAAGGATCACGATGGAGACTATAAGGATCACGACATCGATTACAAAGACGATGACGACAAATCAGGCCATCACCATCATCATCATCATCACTCGTCAGGCCAGTGCTGCGTCTGTTGTGCCCAAGCCTGTTTTTGTCAGAAAAAGTGCGAGTGCTGTTGTGCCTAGTAGTAAGGAGGATCCCGGGAATTCTCGAGTAAGGTTAACCTGCTAGCATAACCCCTTGGGGCCTCTAAACGGGTCTTGAGGGGTTTTTTG
36,GCGAATTAATACGACTCACTATAGGGAGACCACAACGGTTTCCCTCTAGAAATAATTTTGTTTAACTTTAAGAAGGAGATATACATATGAAAATCGAAGAAGATTACAAGGATCACGATGGAGACTATAAGGATCACGACATCGATTACAAAGACGATGACGACAAATCAGGCCATCACCATCATCATCATCATCACTCGTCAGGCCAGTGCCAAGTTCAGCACTTATGTTGTTGCTTTTGCTGCTATAAGAAAGTAGAGTGCTGCCCCTGCTAGTAGTAAGGAGGATCCCGGGAATTCTCGAGTAAGGTTAACCTGCTAGCATAACCCCTTGGGGCCTCTAAACGGGTCTTGAGGGGTTTTTTG
37,GCGAATTAATACGACTCACTATAGGGAGACCACAACGGTTTCCCTCTAGAAATAATTTTGTTTAACTTTAAGAAGGAGATATACATATGAAAATCGAAGAAGATTACAAGGATCACGATGGAGACTATAAGGATCACGACATCGATTACAAAGACGATGACGACAAATCAGGCCATCACCATCATCATCATCATCACTCGTCAGGCCAAGGGTGTGTATGTCACCTTTGCTGCTGCTGCTGCTGTTGTAAATGTGTAGAGTGCTTCTGTAAGTAGTAGTAAGGAGGATCCCGGGAATTCTCGAGTAAGGTTAACCTGCTAGCATAACCCCTTGGGGCCTCTAAACGGGTCTTGAGGGGTTTTTTG
38,GCGAATTAATACGACTCACTATAGGGAGACCACAACGGTTTCCCTCTAGAAATAATTTTGTTTAACTTTAAGAAGGAGATATACATATGAAAATCGAAGAAGATTACAAGGATCACGATGGAGACTATAAGGATCACGACATCGATTACAAAGACGATGACGACAAATCAGGCCATCACCATCATCATCATCATCACTCGTCAGGCTGTTGCCAGTGTCAATGCCTTTGTGCGGCTTTCTCTTGCTATAAGAAGGTTTGTTGTTGTCCAAAATAGTAGTAAGGAGGATCCCGGGAATTCTCGAGTAAGGTTAACCTGCTAGCATAACCCCTTGGGGCCTCTAAACGGGTCTTGAGGGGTTTTTTG
39,GCGAATTAATACGACTCACTATAGGGAGACCACAACGGTTTCCCTCTAGAAATAATTTTGTTTAACTTTAAGAAGGAGATATACATATGAAAATCGAAGAAGATTACAAGGATCACGATGGAGACTATAAGGATCACGACATCGATTACAAAGACGATGACGACAAATCAGGCCATCACCATCATCATCATCATCACTCGTCAGGCTGTGGATGTTGCCAATGCCTGGCTGCAGCATGCTCTCAATACAAGGCGGTCTGTGCTTGCCCGAAATAGTAGTAAGGAGGATCCCGGGAATTCTCGAGTAAGGTTAACCTGCTAGCATAACCCCTTGGGGCCTCTAAACGGGTCTTGAGGGGTTTTTTG
40,GCGAATTAATACGACTCACTATAGGGAGACCACAACGGTTTCCCTCTAGAAATAATTTTGTTTAACTTTAAGAAGGAGATATACATATGAAAATCGAAGAAGATTACAAGGATCACGATGGAGACTATAAGGATCACGACATCGATTACAAAGACGATGACGACAAATCAGGCCATCACCATCATCATCATCATCACTCGTCAGGCGCATGTCAAGTCCAGCATTGCTGTTGCGCCTTTTGTTGCTACTGTTGCGTATGTTGCTTTTGTTGTTAGTAGTAAGGAGGATCCCGGGAATTCTCGAGTAAGGTTAACCTGCTAGCATAACCCCTTGGGGCCTCTAAACGGGTCTTGAGGGGTTTTTTG
41,GCGAATTAATACGACTCACTATAGGGAGACCACAACGGTTTCCCTCTAGAAATAATTTTGTTTAACTTTAAGAAGGAGATATACATATGAAAATCGAAGAAGATTACAAGGATCACGATGGAGACTATAAGGATCACGACATCGATTACAAAGACGATGACGACAAATCAGGCCATCACCATCATCATCATCATCACTCGTCAGGCTGCGGCCAAGTACAACATTTACAGGCAGCGTGCTCGCAGTACAAGTGCGTGGAGTTATTTTGTAAGTAGTAGTAAGGAGGATCCCGGGAATTCTCGAGTAAGGTTAACCTGCTAGCATAACCCCTTGGGGCCTCTAAACGGGTCTTGAGGGGTTTTTTG
42,GCGAATTAATACGACTCACTATAGGGAGACCACAACGGTTTCCCTCTAGAAATAATTTTGTTTAACTTTAAGAAGGAGATATACATATGAAAATCGAAGAAGATTACAAGGATCACGATGGAGACTATAAGGATCACGACATCGATTACAAAGACGATGACGACAAATCAGGCCATCACCATCATCATCATCATCACTCGTCAGGCTGCTGCTGCGTTTGTTGCCTTCAAGCCGCGTGCTGTTGTTACAAGAAGTGCTGCCTTTGCTGTAAGTAGTAGTAAGGAGGATCCCGGGAATTCTCGAGTAAGGTTAACCTGCTAGCATAACCCCTTGGGGCCTCTAAACGGGTCTTGAGGGGTTTTTTG
43,GCGAATTAATACGACTCACTATAGGGAGACCACAACGGTTTCCCTCTAGAAATAATTTTGTTTAACTTTAAGAAGGAGATATACATATGAAAATCGAAGAAGATTACAAGGATCACGATGGAGACTATAAGGATCACGACATCGATTACAAAGACGATGACGACAAATCAGGCCATCACCATCATCATCATCATCACTCGTCAGGCCAGGGGCAGGTACAGTGCTTGTGTGCGGCATTCAGCCAGTACAAAAAATGCGAGTGCTTCCCGAAGTAGTAGTAAGGAGGATCCCGGGAATTCTCGAGTAAGGTTAACCTGCTAGCATAACCCCTTGGGGCCTCTAAACGGGTCTTGAGGGGTTTTTTG
44,GCGAATTAATACGACTCACTATAGGGAGACCACAACGGTTTCCCTCTAGAAATAATTTTGTTTAACTTTAAGAAGGAGATATACATATGAAAATCGAAGAAGATTACAAGGATCACGATGGAGACTATAAGGATCACGACATCGATTACAAAGACGATGACGACAAATCAGGCCATCACCATCATCATCATCATCACTCGTCAGGCCAGGGTGCGTGCCAATGTTGCTGTGCAGCTGCTTCCCAGTACGCTTGTGTAGAGCTGTTTCCAAAGTAGTAGTAAGGAGGATCCCGGGAATTCTCGAGTAAGGTTAACCTGCTAGCATAACCCCTTGGGGCCTCTAAACGGGTCTTGAGGGGTTTTTTG
45,GCGAATTAATACGACTCACTATAGGGAGACCACAACGGTTTCCCTCTAGAAATAATTTTGTTTAACTTTAAGAAGGAGATATACATATGAAAATCGAAGAAGATTACAAGGATCACGATGGAGACTATAAGGATCACGACATCGATTACAAAGACGATGACGACAAATCAGGCCATCACCATCATCATCATCATCACTCGTCAGGCCAAGGTTGCTGCCAGCACTGTCAATGTGCTTGTTCCCAGTGTTGTAAGGTCGAATGTTGCTGTAAATAGTAGTAAGGAGGATCCCGGGAATTCTCGAGTAAGGTTAACCTGCTAGCATAACCCCTTGGGGCCTCTAAACGGGTCTTGAGGGGTTTTTTG
46,GCGAATTAATACGACTCACTATAGGGAGACCACAACGGTTTCCCTCTAGAAATAATTTTGTTTAACTTTAAGAAGGAGATATACATATGAAAATCGAAGAAGATTACAAGGATCACGATGGAGACTATAAGGATCACGACATCGATTACAAAGACGATGACGACAAATCAGGCCATCACCATCATCATCATCATCACTCGTCAGGCCAGGGCCAAGTTCAACATTTACAGGCAGCCTGCTGCCAGTGCTGTTGTGTGGAGTTATTCCCTTGCTAGTAGTAAGGAGGATCCCGGGAATTCTCGAGTAAGGTTAACCTGCTAGCATAACCCCTTGGGGCCTCTAAACGGGTCTTGAGGGGTTTTTTG
47,GCGAATTAATACGACTCACTATAGGGAGACCACAACGGTTTCCCTCTAGAAATAATTTTGTTTAACTTTAAGAAGGAGATATACATATGAAAATCGAAGAAGATTACAAGGATCACGATGGAGACTATAAGGATCACGACATCGATTACAAAGACGATGACGACAAATCAGGCCATCACCATCATCATCATCATCACTCGTCAGGCCAAGGTTGTTGCCAGTGCTGCTGTGCATGTTGCTCCCAGTATAAAAAGGTAGAGTTGTTTCCTTGTTAGTAGTAAGGAGGATCCCGGGAATTCTCGAGTAAGGTTAACCTGCTAGCATAACCCCTTGGGGCCTCTAAACGGGTCTTGAGGGGTTTTTTG
48,GCGAATTAATACGACTCACTATAGGGAGACCACAACGGTTTCCCTCTAGAAATAATTTTGTTTAACTTTAAGAAGGAGATATACATATGAAAATCGAAGAAGATTACAAGGATCACGATGGAGACTATAAGGATCACGACATCGATTACAAAGACGATGACGACAAATCAGGCCATCACCATCATCATCATCATCACTCGTCAGGCCAGGCCTGCGCTCAGTTGTGTGCCGCATCACAGTATGCTAAAGTTGAACTGTTCCCTAAGTAGTAGTAAGGAGGATCCCGGGAATTCTCGAGTAAGGTTAACCTGCTAGCATAACCCCTTGGGGCCTCTAAACGGGTCTTGAGGGGTTTTTTG
49,GCGAATTAATACGACTCACTATAGGGAGACCACAACGGTTTCCCTCTAGAAATAATTTTGTTTAACTTTAAGAAGGAGATATACATATGAAAATCGAAGAAGATTACAAGGATCACGATGGAGACTATAAGGATCACGACATCGATTACAAAGACGATGACGACAAATCAGGCCATCACCATCATCATCATCATCACTCGTCAGGCTGCGGTTGTTGTCAACACTTGCAGTGTTGCTTTTGTTGTTACAAGTGCGTGTGCTGTTTCCCAAAATAGTAGTAAGGAGGATCCCGGGAATTCTCGAGTAAGGTTAACCTGCTAGCATAACCCCTTGGGGCCTCTAAACGGGTCTTGAGGGGTTTTTTG
50,GCGAATTAATACGACTCACTATAGGGAGACCACAACGGTTTCCCTCTAGAAATAATTTTGTTTAACTTTAAGAAGGAGATATACATATGAAAATCGAAGAAGATTACAAGGATCACGATGGAGACTATAAGGATCACGACATCGATTACAAAGACGATGACGACAAATCAGGCCATCACCATCATCATCATCATCACTCGTCAGGCCAAGGCTGCGTACAACATTTGCAGTGTGCATGTTCCCAATATAAAAAATGTGAACTTGCCTGCAAGTAGTAGTAAGGAGGATCCCGGGAATTCTCGAGTAAGGTTAACCTGCTAGCATAACCCCTTGGGGCCTCTAAACGGGTCTTGAGGGGTTTTTTG
51,GCGAATTAATACGACTCACTATAGGGAGACCACAACGGTTTCCCTCTAGAAATAATTTTGTTTAACTTTAAGAAGGAGATATACATATGAAAATCGAAGAAGATTACAAGGATCACGATGGAGACTATAAGGATCACGACATCGATTACAAAGACGATGACGACAAATCAGGCCATCACCATCATCATCATCATCACTCGTCAGGCCAGTGCCAGGCTCAGCATTTGCAGGCTTGCGCTTCACAATATAAGAAAGTAGCATTGTTTCCCAAATAGTAGTAAGGAGGATCCCGGGAATTCTCGAGTAAGGTTAACCTGCTAGCATAACCCCTTGGGGCCTCTAAACGGGTCTTGAGGGGTTTTTTG
52,GCGAATTAATACGACTCACTATAGGGAGACCACAACGGTTTCCCTCTAGAAATAATTTTGTTTAACTTTAAGAAGGAGATATACATATGAAAATCGAAGAAGATTACAAGGATCACGATGGAGACTATAAGGATCACGACATCGATTACAAAGACGATGACGACAAATCAGGCCATCACCATCATCATCATCATCACTCGTCAGGCCAGGGGCAGGTACAGCATTGCCAGGCAGCCTTCTCCCAATACTGTAAGGTCGAGCTTGCGGCGAAGTAGTAGTAAGGAGGATCCCGGGAATTCTCGAGTAAGGTTAACCTGCTAGCATAACCCCTTGGGGCCTCTAAACGGGTCTTGAGGGGTTTTTTG
53,GCGAATTAATACGACTCACTATAGGGAGACCACAACGGTTTCCCTCTAGAAATAATTTTGTTTAACTTTAAGAAGGAGATATACATATGAAAATCGAAGAAGATTACAAGGATCACGATGGAGACTATAAGGATCACGACATCGATTACAAAGACGATGACGACAAATCAGGCCATCACCATCATCATCATCATCACTCGTCAGGCCAGGGTCAGTGCTGCCACTTGCAGTGTTGCTTTAGTCAATACAAGAAGTGTGAATTGTTCCCGAAGTGTTAGTAGTAAGGAGGATCCCGGGAATTCTCGAGTAAGGTTAACCTGCTAGCATAACCCCTTGGGGCCTCTAAACGGGTCTTGAGGGGTTTTTTG
54,GCGAATTAATACGACTCACTATAGGGAGACCACAACGGTTTCCCTCTAGAAATAATTTTGTTTAACTTTAAGAAGGAGATATACATATGAAAATCGAAGAAGATTACAAGGATCACGATGGAGACTATAAGGATCACGACATCGATTACAAAGACGATGACGACAAATCAGGCCATCACCATCATCATCATCATCACTCGTCAGGCTGCGGACAAGTTCAGCACTTGTGTGCTGCGTTCAGCCAATACTGCAAAGTGGAAGCCTTTCCCTGTTAGTAGTAAGGAGGATCCCGGGAATTCTCGAGTAAGGTTAACCTGCTAGCATAACCCCTTGGGGCCTCTAAACGGGTCTTGAGGGGTTTTTTG
55,GCGAATTAATACGACTCACTATAGGGAGACCACAACGGTTTCCCTCTAGAAATAATTTTGTTTAACTTTAAGAAGGAGATATACATATGAAAATCGAAGAAGATTACAAGGATCACGATGGAGACTATAAGGATCACGACATCGATTACAAAGACGATGACGACAAATCAGGCCATCACCATCATCATCATCATCACTCGTCAGGCTTTTGTGGGTTCCCATCTTGTTCCACTTCAGGGTAGTAGTAAGGAGGATCCCGGGAATTCTCGAGTAAGGTTAACCTGCTAGCATAACCCCTTGGGGCCTCTAAACGGGTCTTGAGGGGTTTTTTG
56,GCGAATTAATACGACTCACTATAGGGAGACCACAACGGTTTCCCTCTAGAAATAATTTTGTTTAACTTTAAGAAGGAGATATACATATGAAAATCGAAGAAGATTACAAGGATCACGATGGAGACTATAAGGATCACGACATCGATTACAAAGACGATGACGACAAATCAGGCCATCACCATCATCATCATCATCACTCGTCAGGCAAGAAAGTAGAGTTGTTCCCTAAATAGTAGTAAGGAGGATCCCGGGAATTCTCGAGTAAGGTTAACCTGCTAGCATAACCCCTTGGGGCCTCTAAACGGGTCTTGAGGGGTTTTTTG
57,GCGAATTAATACGACTCACTATAGGGAGACCACAACGGTTTCCCTCTAGAAATAATTTTGTTTAACTTTAAGAAGGAGATATACATATGAAAATCGAAGAAGATTACAAGGATCACGATGGAGACTATAAGGATCACGACATCGATTACAAAGACGATGACGACAAATCAGGCCATCACCATCATCATCATCATCACTCGTCAGGCCAGGGACAAGTACAATGCCTTCAGGCCGCGTTCTGTCAGTGTAAAAAGGTCGAGTGCTTTCCCAAATAGTAGTAAGGAGGATCCCGGGAATTCTCGAGTAAGGTTAACCTGCTAGCATAACCCCTTGGGGCCTCTAAACGGGTCTTGAGGGGTTTTTTG
58,GCGAATTAATACGACTCACTATAGGGAGACCACAACGGTTTCCCTCTAGAAATAATTTTGTTTAACTTTAAGAAGGAGATATACATATGAAAATCGAAGAAGATTACAAGGATCACGATGGAGACTATAAGGATCACGACATCGATTACAAAGACGATGACGACAAATCAGGCCATCACCATCATCATCATCATCACTCGTCAGGCCAAGGACAGGTCCAGCACCTGCAAGCGGCATTCTCGTGTTACAAGAAGGTCGAGTTGTTTCCGAAGTAGTAGTAAGGAGGATCCCGGGAATTCTCGAGTAAGGTTAACCTGCTAGCATAACCCCTTGGGGCCTCTAAACGGGTCTTGAGGGGTTTTTTG
59,GCGAATTAATACGACTCACTATAGGGAGACCACAACGGTTTCCCTCTAGAAATAATTTTGTTTAACTTTAAGAAGGAGATATACATATGAAAATCGAAGAAGATTACAAGGATCACGATGGAGACTATAAGGATCACGACATCGATTACAAAGACGATGACGACAAATCAGGCCATCACCATCATCATCATCATCACTCGTCAGGCTGCGGTCAGTGTTGCCACTTGCAGTGTTGTTTCTGTTGCTATAAAAAGTGCGAATTGTTTCCTAAGTGTTAGTAGTAAGGAGGATCCCGGGAATTCTCGAGTAAGGTTAACCTGCTAGCATAACCCCTTGGGGCCTCTAAACGGGTCTTGAGGGGTTTTTTG
60,GCGAATTAATACGACTCACTATAGGGAGACCACAACGGTTTCCCTCTAGAAATAATTTTGTTTAACTTTAAGAAGGAGATATACATATGAAAATCGAAGAAGATTACAAGGATCACGATGGAGACTATAAGGATCACGACATCGATTACAAAGACGATGACGACAAATCAGGCCATCACCATCATCATCATCATCACTCGTCAGGCTGTTGTCAAGTGTGCCACCTTCAATGTTGTGCAGCCTGTTACAAGAAATGCTGTTTGTTCCCATGCTAGTAGTAAGGAGGATCCCGGGAATTCTCGAGTAAGGTTAACCTGCTAGCATAACCCCTTGGGGCCTCTAAACGGGTCTTGAGGGGTTTTTTG
61,GCGAATTAATACGACTCACTATAGGGAGACCACAACGGTTTCCCTCTAGAAATAATTTTGTTTAACTTTAAGAAGGAGATATACATATGAAAATCGAAGAAGATTACAAGGATCACGATGGAGACTATAAGGATCACGACATCGATTACAAAGACGATGACGACAAATCAGGCCATCACCATCATCATCATCATCACTCGTCAGGCCAAGGCCAAGTCTGTCACTGCTGCTGCGCGTTTGCGCAATATAAATGCGCCTGTGCTTTTCCCAAATAGTAGTAAGGAGGATCCCGGGAATTCTCGAGTAAGGTTAACCTGCTAGCATAACCCCTTGGGGCCTCTAAACGGGTCTTGAGGGGTTTTTTG
62,GCGAATTAATACGACTCACTATAGGGAGACCACAACGGTTTCCCTCTAGAAATAATTTTGTTTAACTTTAAGAAGGAGATATACATATGAAAATCGAAGAAGATTACAAGGATCACGATGGAGACTATAAGGATCACGACATCGATTACAAAGACGATGACGACAAATCAGGCCATCACCATCATCATCATCATCACTCGTCAGGCCAAGGATGCTGTCAATGTTGTCAGGCCGCATGCGCATGTTGCTGCGCTTGTGAATGTTTCCCTTGTTAGTAGTAAGGAGGATCCCGGGAATTCTCGAGTAAGGTTAACCTGCTAGCATAACCCCTTGGGGCCTCTAAACGGGTCTTGAGGGGTTTTTTG
63,GCGAATTAATACGACTCACTATAGGGAGACCACAACGGTTTCCCTCTAGAAATAATTTTGTTTAACTTTAAGAAGGAGATATACATATGAAAATCGAAGAAGATTACAAGGATCACGATGGAGACTATAAGGATCACGACATCGATTACAAAGACGATGACGACAAATCAGGCCATCACCATCATCATCATCATCACTCGTCAGGCTGCTGTTGCTGCCAGGCCGCATGTTGCGCCTGTTCTTGCTATTGTAAGGTCGAATTATTTTGCAAGTAGTAGTAAGGAGGATCCCGGGAATTCTCGAGTAAGGTTAACCTGCTAGCATAACCCCTTGGGGCCTCTAAACGGGTCTTGAGGGGTTTTTTG
64,GCGAATTAATACGACTCACTATAGGGAGACCACAACGGTTTCCCTCTAGAAATAATTTTGTTTAACTTTAAGAAGGAGATATACATATGAAAATCGAAGAAGATTACAAGGATCACGATGGAGACTATAAGGATCACGACATCGATTACAAAGACGATGACGACAAATCAGGCCATCACCATCATCATCATCATCACTCGTCAGGCCAAGGTCAAGTGCAGGCTTTGCAAGCGGCCTTCAGTCAGTGCGCGAAAGTAGAGGCATTCCCCAAGTAGTAGTAAGGAGGATCCCGGGAATTCTCGAGTAAGGTTAACCTGCTAGCATAACCCCTTGGGGCCTCTAAACGGGTCTTGAGGGGTTTTTTG
65,GCGAATTAATACGACTCACTATAGGGAGACCACAACGGTTTCCCTCTAGAAATAATTTTGTTTAACTTTAAGAAGGAGATATACATATGAAAATCGAAGAAGATTACAAGGATCACGATGGAGACTATAAGGATCACGACATCGATTACAAAGACGATGACGACAAATCAGGCCATCACCATCATCATCATCATCACTCGTCAGGCTGTTGCCAATGCTGCTGTTTGTGCTGCGCGTTCTGTTGTTGTTGCAAATGTGAGCTGTTCCCTAAGTAGTAGTAAGGAGGATCCCGGGAATTCTCGAGTAAGGTTAACCTGCTAGCATAACCCCTTGGGGCCTCTAAACGGGTCTTGAGGGGTTTTTTG
66,GCGAATTAATACGACTCACTATAGGGAGACCACAACGGTTTCCCTCTAGAAATAATTTTGTTTAACTTTAAGAAGGAGATATACATATGAAAATCGAAGAAGATTACAAGGATCACGATGGAGACTATAAGGATCACGACATCGATTACAAAGACGATGACGACAAATCAGGCCATCACCATCATCATCATCATCACTCGTCAGGCTGCGGCTGCGTACAACACCTGCAAGCGTGTTTTTCCCAATGTTGCTGCGTAGAGTTATGCTGTTGTTAGTAGTAAGGAGGATCCCGGGAATTCTCGAGTAAGGTTAACCTGCTAGCATAACCCCTTGGGGCCTCTAAACGGGTCTTGAGGGGTTTTTTG
67,GCGAATTAATACGACTCACTATAGGGAGACCACAACGGTTTCCCTCTAGAAATAATTTTGTTTAACTTTAAGAAGGAGATATACATATGAAAATCGAAGAAGATTACAAGGATCACGATGGAGACTATAAGGATCACGACATCGATTACAAAGACGATGACGACAAATCAGGCCATCACCATCATCATCATCATCACTCGTCAGGCCAGGGTCAGGTTCAGTGCTTATGCTGCTGTTGCTCGCAGTACAAAAAAGTAGAATGCGAACCCAAGTAGTAGTAAGGAGGATCCCGGGAATTCTCGAGTAAGGTTAACCTGCTAGCATAACCCCTTGGGGCCTCTAAACGGGTCTTGAGGGGTTTTTTG
68,GCGAATTAATACGACTCACTATAGGGAGACCACAACGGTTTCCCTCTAGAAATAATTTTGTTTAACTTTAAGAAGGAGATATACATATGAAAATCGAAGAAGATTACAAGGATCACGATGGAGACTATAAGGATCACGACATCGATTACAAAGACGATGACGACAAATCAGGCCATCACCATCATCATCATCATCACTCGTCAGGCCAGGGGCAAGTCCAGCATCTGCAGTGCGCGTTCTGCTGCTATAAAAAAGTAGAGTTATTCCCCAAGTAGTAGTAAGGAGGATCCCGGGAATTCTCGAGTAAGGTTAACCTGCTAGCATAACCCCTTGGGGCCTCTAAACGGGTCTTGAGGGGTTTTTTG
69,GCGAATTAATACGACTCACTATAGGGAGACCACAACGGTTTCCCTCTAGAAATAATTTTGTTTAACTTTAAGAAGGAGATATACATATGAAAATCGAAGAAGATTACAAGGATCACGATGGAGACTATAAGGATCACGACATCGATTACAAAGACGATGACGACAAATCAGGCCATCACCATCATCATCATCATCACTCGTCAGGCCAAGGTCAAGTCCAGCACTTACAGGCCGCGTTCTCTTGCTACAAAAAATGCGAGCTGTTTCCAAAATAGTAGTAAGGAGGATCCCGGGAATTCTCGAGTAAGGTTAACCTGCTAGCATAACCCCTTGGGGCCTCTAAACGGGTCTTGAGGGGTTTTTTG
70,GCGAATTAATACGACTCACTATAGGGAGACCACAACGGTTTCCCTCTAGAAATAATTTTGTTTAACTTTAAGAAGGAGATATACATATGAAAATCGAAGAAGATTACAAGGATCACGATGGAGACTATAAGGATCACGACATCGATTACAAAGACGATGACGACAAATCAGGCCATCACCATCATCATCATCATCACTCGTCAGGCCAATGCTGCTGCCAACACTGCCAGGCGGCTTGTTCTCAAGCAAAGGCGTGTTGCTGTTGCCCGAAATAGTAGTAAGGAGGATCCCGGGAATTCTCGAGTAAGGTTAACCTGCTAGCATAACCCCTTGGGGCCTCTAAACGGGTCTTGAGGGGTTTTTTG
71,GCGAATTAATACGACTCACTATAGGGAGACCACAACGGTTTCCCTCTAGAAATAATTTTGTTTAACTTTAAGAAGGAGATATACATATGAAAATCGAAGAAGATTACAAGGATCACGATGGAGACTATAAGGATCACGACATCGATTACAAAGACGATGACGACAAATCAGGCCATCACCATCATCATCATCATCACTCGTCAGGCCAAGGGTGCGTGTGTCATTTGCAGGCCGCCTGTTCGCAATATAAAAAAGTGGAACTTTTCCCCTGTTAGTAGTAAGGAGGATCCCGGGAATTCTCGAGTAAGGTTAACCTGCTAGCATAACCCCTTGGGGCCTCTAAACGGGTCTTGAGGGGTTTTTTG
72,GCGAATTAATACGACTCACTATAGGGAGACCACAACGGTTTCCCTCTAGAAATAATTTTGTTTAACTTTAAGAAGGAGATATACATATGAAAATCGAAGAAGATTACAAGGATCACGATGGAGACTATAAGGATCACGACATCGATTACAAAGACGATGACGACAAATCAGGCCATCACCATCATCATCATCATCACTCGTCAGGCCAAGGTTGCGTCTGTCACCTTCAGGCGGCATGCTCACAGTACAAAAAATGCGAACTTTTCCCATGTTAGTAGTAAGGAGGATCCCGGGAATTCTCGAGTAAGGTTAACCTGCTAGCATAACCCCTTGGGGCCTCTAAACGGGTCTTGAGGGGTTTTTTG
73,GCGAATTAATACGACTCACTATAGGGAGACCACAACGGTTTCCCTCTAGAAATAATTTTGTTTAACTTTAAGAAGGAGATATACATATGAAAATCGAAGAAGATTACAAGGATCACGATGGAGACTATAAGGATCACGACATCGATTACAAAGACGATGACGACAAATCAGGCCATCACCATCATCATCATCATCACTCGTCAGGCCAGGGTGCATGTCAGGCCCTGCAAGCTGCCTTCTGCCAGTATAAAAAAGTCTGCGCTTTTTGTAAGTAGTAGTAAGGAGGATCCCGGGAATTCTCGAGTAAGGTTAACCTGCTAGCATAACCCCTTGGGGCCTCTAAACGGGTCTTGAGGGGTTTTTTG
74,GCGAATTAATACGACTCACTATAGGGAGACCACAACGGTTTCCCTCTAGAAATAATTTTGTTTAACTTTAAGAAGGAGATATACATATGAAAATCGAAGAAGATTACAAGGATCACGATGGAGACTATAAGGATCACGACATCGATTACAAAGACGATGACGACAAATCAGGCCATCACCATCATCATCATCATCACTCGTCAGGCCAAGGTCAAGTACAACACCTTCAGGCAGCCTGCTCACAGTATAAGTGTGCTGAATGTTTTCCAAAGTAGTAGTAAGGAGGATCCCGGGAATTCTCGAGTAAGGTTAACCTGCTAGCATAACCCCTTGGGGCCTCTAAACGGGTCTTGAGGGGTTTTTTG
75,GCGAATTAATACGACTCACTATAGGGAGACCACAACGGTTTCCCTCTAGAAATAATTTTGTTTAACTTTAAGAAGGAGATATACATATGAAAATCGAAGAAGATTACAAGGATCACGATGGAGACTATAAGGATCACGACATCGATTACAAAGACGATGACGACAAATCAGGCCATCACCATCATCATCATCATCACTCGTCAGGCCAAGGTCAGTGTCAGTGTCTGTGTGCGGCATTTTGTTGTTACAAGAAGGTAGAGTTATGCCCTAAATAGTAGTAAGGAGGATCCCGGGAATTCTCGAGTAAGGTTAACCTGCTAGCATAACCCCTTGGGGCCTCTAAACGGGTCTTGAGGGGTTTTTTG
76,GCGAATTAATACGACTCACTATAGGGAGACCACAACGGTTTCCCTCTAGAAATAATTTTGTTTAACTTTAAGAAGGAGATATACATATGAAAATCGAAGAAGATTACAAGGATCACGATGGAGACTATAAGGATCACGACATCGATTACAAAGACGATGACGACAAATCAGGCCATCACCATCATCATCATCATCACTCGTCAGGCGGAGGGGTCTGTGGCCCCTCGCCGCCCTGTATCACTTAGTAGTAAGGAGGATCCCGGGAATTCTCGAGTAAGGTTAACCTGCTAGCATAACCCCTTGGGGCCTCTAAACGGGTCTTGAGGGGTTTTTTG
77,GCGAATTAATACGACTCACTATAGGGAGACCACAACGGTTTCCCTCTAGAAATAATTTTGTTTAACTTTAAGAAGGAGATATACATATGAAAATCGAAGAAGATTACAAGGATCACGATGGAGACTATAAGGATCACGACATCGATTACAAAGACGATGACGACAAATCAGGCCATCACCATCATCATCATCATCACTCGTCAGGCCAATGCCAGGTTCAATGCTGTCAAGCGTGTTGCTCCCAGTACAAGTGTGTTGAATTATTCCCCTGCTAGTAGTAAGGAGGATCCCGGGAATTCTCGAGTAAGGTTAACCTGCTAGCATAACCCCTTGGGGCCTCTAAACGGGTCTTGAGGGGTTTTTTG
78,GCGAATTAATACGACTCACTATAGGGAGACCACAACGGTTTCCCTCTAGAAATAATTTTGTTTAACTTTAAGAAGGAGATATACATATGAAAATCGAAGAAGATTACAAGGATCACGATGGAGACTATAAGGATCACGACATCGATTACAAAGACGATGACGACAAATCAGGCCATCACCATCATCATCATCATCACTCGTCAGGCCAAGGGCAGGTTCAGCACCTGCAATGCGCCTTCTCTTGTTACAAGAAGGTTGAGTTGTTTTGCTGTTAGTAGTAAGGAGGATCCCGGGAATTCTCGAGTAAGGTTAACCTGCTAGCATAACCCCTTGGGGCCTCTAAACGGGTCTTGAGGGGTTTTTTG
79,GCGAATTAATACGACTCACTATAGGGAGACCACAACGGTTTCCCTCTAGAAATAATTTTGTTTAACTTTAAGAAGGAGATATACATATGAAAATCGAAGAAGATTACAAGGATCACGATGGAGACTATAAGGATCACGACATCGATTACAAAGACGATGACGACAAATCAGGCCATCACCATCATCATCATCATCACTCGTCAGGCTGCGGTCAAGTTTGCCACTTGCAGGCGTGCTTCGCCCAATATAAGTGTGTGGAGCTGTTTCCGAAATAGTAGTAAGGAGGATCCCGGGAATTCTCGAGTAAGGTTAACCTGCTAGCATAACCCCTTGGGGCCTCTAAACGGGTCTTGAGGGGTTTTTTG
80,GCGAATTAATACGACTCACTATAGGGAGACCACAACGGTTTCCCTCTAGAAATAATTTTGTTTAACTTTAAGAAGGAGATATACATATGAAAATCGAAGAAGATTACAAGGATCACGATGGAGACTATAAGGATCACGACATCGATTACAAAGACGATGACGACAAATCAGGCCATCACCATCATCATCATCATCACTCGTCAGGCCAATGTGCTTGTGCCTGCCTTTGCTGCGCTTGCTGTTGTTGCAAAGCCGCTGAGTGTTTCTGCAAGTAGTAGTAAGGAGGATCCCGGGAATTCTCGAGTAAGGTTAACCTGCTAGCATAACCCCTTGGGGCCTCTAAACGGGTCTTGAGGGGTTTTTTG
81,GCGAATTAATACGACTCACTATAGGGAGACCACAACGGTTTCCCTCTAGAAATAATTTTGTTTAACTTTAAGAAGGAGATATACATATGAAAATCGAAGAAGATTACAAGGATCACGATGGAGACTATAAGGATCACGACATCGATTACAAAGACGATGACGACAAATCAGGCCATCACCATCATCATCATCATCACTCGTCAGGCTGCCAAGGACAGGTCCAACACCTGCAGGCGGCCTTCTCCCAATACAAAAAAGTAGAGTTGTTTCCAAAGTGTTAGTAGTAAGGAGGATCCCGGGAATTCTCGAGTAAGGTTAACCTGCTAGCATAACCCCTTGGGGCCTCTAAACGGGTCTTGAGGGGTTTTTTG
82,GCGAATTAATACGACTCACTATAGGGAGACCACAACGGTTTCCCTCTAGAAATAATTTTGTTTAACTTTAAGAAGGAGATATACATATGAAAATCGAAGAAGATTACAAGGATCACGATGGAGACTATAAGGATCACGACATCGATTACAAAGACGATGACGACAAATCAGGCCATCACCATCATCATCATCATCACTCGTCAGGCCAAGGCTGTGTGCAACATCTTCAGGCAGCCTGTTCGCAGTACAAAAAGGTCGAACTTTTCCCCAAGTAGTAGTAAGGAGGATCCCGGGAATTCTCGAGTAAGGTTAACCTGCTAGCATAACCCCTTGGGGCCTCTAAACGGGTCTTGAGGGGTTTTTTG
83,GCGAATTAATACGACTCACTATAGGGAGACCACAACGGTTTCCCTCTAGAAATAATTTTGTTTAACTTTAAGAAGGAGATATACATATGAAAATCGAAGAAGATTACAAGGATCACGATGGAGACTATAAGGATCACGACATCGATTACAAAGACGATGACGACAAATCAGGCCATCACCATCATCATCATCATCACTCGTCAGGCTGTGGATGCTGCGCAGCATTGTGCGCGTGCTGCTCGTGCTATAAAAAAGCCTGTTGCGAACCTGCATAGTAGTAAGGAGGATCCCGGGAATTCTCGAGTAAGGTTAACCTGCTAGCATAACCCCTTGGGGCCTCTAAACGGGTCTTGAGGGGTTTTTTG
84,GCGAATTAATACGACTCACTATAGGGAGACCACAACGGTTTCCCTCTAGAAATAATTTTGTTTAACTTTAAGAAGGAGATATACATATGAAAATCGAAGAAGATTACAAGGATCACGATGGAGACTATAAGGATCACGACATCGATTACAAAGACGATGACGACAAATCAGGCCATCACCATCATCATCATCATCACTCGTCAGGCTGCGGTTGCGCTTGCGCGTTAGCTGCGTGTTGTAGTTGTTGCTGCTGCGTCGCACTGTTCCCTAAGTAGTAGTAAGGAGGATCCCGGGAATTCTCGAGTAAGGTTAACCTGCTAGCATAACCCCTTGGGGCCTCTAAACGGGTCTTGAGGGGTTTTTTG
85,GCGAATTAATACGACTCACTATAGGGAGACCACAACGGTTTCCCTCTAGAAATAATTTTGTTTAACTTTAAGAAGGAGATATACATATGAAAATCGAAGAAGATTACAAGGATCACGATGGAGACTATAAGGATCACGACATCGATTACAAAGACGATGACGACAAATCAGGCCATCACCATCATCATCATCATCACTCGTCAGGCTGCTGCTGCTGTCAGCATTTATGTGCATGTTTTTCTTGTTATTGCAAGGTGGAATGTTTCTGCAAATAGTAGTAAGGAGGATCCCGGGAATTCTCGAGTAAGGTTAACCTGCTAGCATAACCCCTTGGGGCCTCTAAACGGGTCTTGAGGGGTTTTTTG
86,GCGAATTAATACGACTCACTATAGGGAGACCACAACGGTTTCCCTCTAGAAATAATTTTGTTTAACTTTAAGAAGGAGATATACATATGAAAATCGAAGAAGATTACAAGGATCACGATGGAGACTATAAGGATCACGACATCGATTACAAAGACGATGACGACAAATCAGGCCATCACCATCATCATCATCATCACTCGTCAGGCCAAGGACAGTGTTGCTGTTTGCAAGCGTGTTGCCAGTATTGTAAATGCGAGTGCTTCCCTTGTTAGTAGTAAGGAGGATCCCGGGAATTCTCGAGTAAGGTTAACCTGCTAGCATAACCCCTTGGGGCCTCTAAACGGGTCTTGAGGGGTTTTTTG
87,GCGAATTAATACGACTCACTATAGGGAGACCACAACGGTTTCCCTCTAGAAATAATTTTGTTTAACTTTAAGAAGGAGATATACATATGAAAATCGAAGAAGATTACAAGGATCACGATGGAGACTATAAGGATCACGACATCGATTACAAAGACGATGACGACAAATCAGGCCATCACCATCATCATCATCATCACTCGTCAGGCTGTGGGCAAGTCTGTCACCTTCAATGCGCATTTAGTTGTTATAAGAAGTGTGAGCTTTTCGCAAAATAGTAGTAAGGAGGATCCCGGGAATTCTCGAGTAAGGTTAACCTGCTAGCATAACCCCTTGGGGCCTCTAAACGGGTCTTGAGGGGTTTTTTG
88,GCGAATTAATACGACTCACTATAGGGAGACCACAACGGTTTCCCTCTAGAAATAATTTTGTTTAACTTTAAGAAGGAGATATACATATGAAAATCGAAGAAGATTACAAGGATCACGATGGAGACTATAAGGATCACGACATCGATTACAAAGACGATGACGACAAATCAGGCCATCACCATCATCATCATCATCACTCGTCAGGCCAAGGTCAGGTACAGCATTTGCAGGCTTGCTTCAGCCAGTATAAGAAATGCGAGTTGTTTCCAAAGTAGTAGTAAGGAGGATCCCGGGAATTCTCGAGTAAGGTTAACCTGCTAGCATAACCCCTTGGGGCCTCTAAACGGGTCTTGAGGGGTTTTTTG
89,GCGAATTAATACGACTCACTATAGGGAGACCACAACGGTTTCCCTCTAGAAATAATTTTGTTTAACTTTAAGAAGGAGATATACATATGAAAATCGAAGAAGATTACAAGGATCACGATGGAGACTATAAGGATCACGACATCGATTACAAAGACGATGACGACAAATCAGGCCATCACCATCATCATCATCATCACTCGTCAGGCTGTTGCTGCGCTCACTGCGCTTGTGCATTTTCACAATACAAATGCGCCTGCTGCTGCCCATGCTAGTAGTAAGGAGGATCCCGGGAATTCTCGAGTAAGGTTAACCTGCTAGCATAACCCCTTGGGGCCTCTAAACGGGTCTTGAGGGGTTTTTTG
90,GCGAATTAATACGACTCACTATAGGGAGACCACAACGGTTTCCCTCTAGAAATAATTTTGTTTAACTTTAAGAAGGAGATATACATATGAAAATCGAAGAAGATTACAAGGATCACGATGGAGACTATAAGGATCACGACATCGATTACAAAGACGATGACGACAAATCAGGCCATCACCATCATCATCATCATCACTCGTCAGGCTGTGCTTGCTGTCAGGCCTGTTGTGCGTGTGAATCATGTGCCAAATGTGCCGAATGTTTCTGTAAGTAGTAGTAAGGAGGATCCCGGGAATTCTCGAGTAAGGTTAACCTGCTAGCATAACCCCTTGGGGCCTCTAAACGGGTCTTGAGGGGTTTTTTG
91,GCGAATTAATACGACTCACTATAGGGAGACCACAACGGTTTCCCTCTAGAAATAATTTTGTTTAACTTTAAGAAGGAGATATACATATGAAAATCGAAGAAGATTACAAGGATCACGATGGAGACTATAAGGATCACGACATCGATTACAAAGACGATGACGACAAATCAGGCCATCACCATCATCATCATCATCACTCGTCAGGCCAAGGTCAAGTGCAGTGCCTTCAATGCGCTTTTAGCCAGGCCAAATGTGCCGAAGCATTCCCGGCATAGTAGTAAGGAGGATCCCGGGAATTCTCGAGTAAGGTTAACCTGCTAGCATAACCCCTTGGGGCCTCTAAACGGGTCTTGAGGGGTTTTTTG
92,GCGAATTAATACGACTCACTATAGGGAGACCACAACGGTTTCCCTCTAGAAATAATTTTGTTTAACTTTAAGAAGGAGATATACATATGAAAATCGAAGAAGATTACAAGGATCACGATGGAGACTATAAGGATCACGACATCGATTACAAAGACGATGACGACAAATCAGGCCATCACCATCATCATCATCATCACTCGTCAGGCCAGGGTTGTGCGCAACATGCCTGCGCCGCGTTCAGTCAGTACAAGGCTGTAGAGCTTTTCCCGTGCTAGTAGTAAGGAGGATCCCGGGAATTCTCGAGTAAGGTTAACCTGCTAGCATAACCCCTTGGGGCCTCTAAACGGGTCTTGAGGGGTTTTTTG
93,GCGAATTAATACGACTCACTATAGGGAGACCACAACGGTTTCCCTCTAGAAATAATTTTGTTTAACTTTAAGAAGGAGATATACATATGAAAATCGAAGAAGATTACAAGGATCACGATGGAGACTATAAGGATCACGACATCGATTACAAAGACGATGACGACAAATCAGGCCATCACCATCATCATCATCATCACTCGTCAGGCTGTGGACAAGTCTGCTGCTGTCAGGCTTGCTTTAGCTGTTGCTGTAAATGTTGTCTTTTTTGCAAGTAGTAGTAAGGAGGATCCCGGGAATTCTCGAGTAAGGTTAACCTGCTAGCATAACCCCTTGGGGCCTCTAAACGGGTCTTGAGGGGTTTTTTG
94,GCGAATTAATACGACTCACTATAGGGAGACCACAACGGTTTCCCTCTAGAAATAATTTTGTTTAACTTTAAGAAGGAGATATACATATGAAAATCGAAGAAGATTACAAGGATCACGATGGAGACTATAAGGATCACGACATCGATTACAAAGACGATGACGACAAATCAGGCCATCACCATCATCATCATCATCACTCGTCAGGCGCCTCTTGCTGCCGCCCGTCGTATTGTGGATAGTAGTAAGGAGGATCCCGGGAATTCTCGAGTAAGGTTAACCTGCTAGCATAACCCCTTGGGGCCTCTAAACGGGTCTTGAGGGGTTTTTTG
95,GCGAATTAATACGACTCACTATAGGGAGACCACAACGGTTTCCCTCTAGAAATAATTTTGTTTAACTTTAAGAAGGAGATATACATATGAAAATCGAAGAAGATTACAAGGATCACGATGGAGACTATAAGGATCACGACATCGATTACAAAGACGATGACGACAAATCAGGCCATCACCATCATCATCATCATCACTCGTCAGGCCAAGGTCAGGTTTGCCATTTGCAGTGTGCCTTCTCGTGCTATAAAAAATGTGAGTTATTCCCGAAATAGTAGTAAGGAGGATCCCGGGAATTCTCGAGTAAGGTTAACCTGCTAGCATAACCCCTTGGGGCCTCTAAACGGGTCTTGAGGGGTTTTTTG
96,GCGAATTAATACGACTCACTATAGGGAGACCACAACGGTTTCCCTCTAGAAATAATTTTGTTTAACTTTAAGAAGGAGATATACATATGAAAATCGAAGAAGATTACAAGGATCACGATGGAGACTATAAGGATCACGACATCGATTACAAAGACGATGACGACAAATCAGGCCATCACCATCATCATCATCATCACTCGTCAGGCTGTGGCTGCTGTCAATGTTTGTGCGCCGCATGCTCCTGCTATTGTTGCGTGTGTCTGTGTTGTAAATAGTAGTAAGGAGGATCCCGGGAATTCTCGAGTAAGGTTAACCTGCTAGCATAACCCCTTGGGGCCTCTAAACGGGTCTTGAGGGGTTTTTTG
