ID,Peptide
patent_peptide_1,KKVELFPK
patent_peptide_2,GGVCGPSPPCIT
patent_peptide_3,GGVCGPSPPCITT
patent_peptide_4,ASCCRPSYCG
patent_peptide_5,CTPPSCCQLHHA
patent_peptide_6,QGCCQCCCACCSQYKKVELFPC
patent_peptide_7,QGQVQCLQCAFSQAKCAEAFPA
patent_peptide_8,QGQVQHLQAAFSQCCACECFPK
patent_peptide_9,AGCVQCLCCCCCCYAKVCAFPK
patent_peptide_10,CGQVQHLQAACSQYKCVELFCK
patent_peptide_11,CGCACALAACCSCCCCVALFPK
patent_peptide_12,FCGFPSCSTSG
patent_peptide_13,QGACQCCCAAASQYACVELFPK
patent_peptide_14,QGQVQHCQAAFSQYKKCCLFPK
patent_peptide_15,QAQVQHLQAAFSOCCCVELFCK
patent_peptide_16,QGQVQHCQAAFSQYCKVELAAK
patent_peptide_17,QCCCQHCQACCCCYKKCCPK
patent_peptide_18,CGAVQCCCACCCCAKVECFCA
patent_peptide_19,CGQVCCCQACFSCCCKCCLFCK
patent_peptide_20,CCQCCCLCCAFCCCCKCELFPK
patent_peptide_21,QCQVQCCQACCSQYKCVELFPC
patent_peptide_22,CGCCCHLCCCECCYKKCELFPKC
patent_peptide_23,QGQVQHLQAACCQCCCVELFPC
patent_peptide_24,CCCVCCCQAACSAYCCCCACAK
patent_peptide_25,QGCVCHLQAACSQYKKVELFPC
patent_peptide_26,QGQVQALQAAFSQCAKVEAFPK
patent_peptide_27,QGQVQHLQAACSQYKCAECFPK
patent_peptide_28,QGQVQHLQACFSCYKCVELFPC
patent_peptide_29,QGQVQCCQAACSOYKKVELFPC
patent_peptide_30,QGCVQHLQAACSQYKKVELFPK
patent_peptide_31,QGQVCHLQCAFSCYKKCELFPK
patent_peptide_32,QACVQALAACESQCKCVCLCPC
patent_peptide_33,QACVQHCQCCFCQAKAVELCK
patent_peptide_34,QGCAQHACAAFSQYKAVELFPC
patent_peptide_35,CGQVCHLQCAFSCYKKCELFPKC
patent_peptide_36,CGQVCHLQCAFSCYKKCELFPK
patent_peptide_37,QCQAQHLQACASQYKKVALFPK
patent_peptide_38,CGQVCHLQCAFSCYKKCELFAK
patent_peptide_39,QAQVQHACAACSAYKKCELFAC
patent_peptide_40,QGCVQCLQCACCACKCCCLFCA
patent_peptide_41,CGCCQCLAAACSQYKAVCACPK
patent_peptide_42,QGQCQCLCAAFCCYKKVELCPK
patent_peptide_43,CGQVQHLCAAFSQYCKVEAFPC
patent_peptide_44,CGCVQHLQACFSQCCCVELCCC
patent_peptide_45,QCQVOHLQAAFCOCKCCELCK
patent_peptide_46,QCQCQCLQAAFCCYCKVELCK
patent_peptide_47,QGQCQHCQAASQACKAELFPK
patent_peptide_48,QACAQLCAASQYAKVELFPK
patent_peptide_49,QGQVQHLQACFSAYKKVELEPK
patent_peptide_50,QGQCCHLQAAFSOYKKAELFPK
patent_peptide_51,QGQVOHCCAAFSQYKKVELFPK
patent_peptide_52,QGCCQHCQCACSQCCKVECCCK
patent_peptide_53,CGCCAALCACCSCYKKACCEPA
patent_peptide_54,CCCCQHLCACFSCYCKVECFCK
patent_peptide_55,CGCVQHCOAAFCOYAKVCLFAK
patent_peptide_56,CCQVOCCCAACCOYCKVECEPK
patent_peptide_57,CCQCCHCQCCFSQYCKVCCEPK
patent_peptide_58,QGQVOHLCACCSCYKKVCCCCC
patent_peptide_59,QCQAQCACAACCQYKKVACFPK
patent_peptide_60,QGQVCHCCCAFAQYKCACAFPK
patent_peptide_61,QGCVCHLQAACSQYKKCELFPC
patent_peptide_62,ACQVQHCCCAFCCYCCVCCFCC
patent_peptide_63,QGQVCCCCAAFCCCKCVELCCK
patent_peptide_64,QGCCQCCQAACACCCACECFPC
patent_peptide_65,AGCCQCCCCAFCQYKKCCCFCC
patent_peptide_66,CGQVCHLQACFAQYKCVELFPK
patent_peptide_67,QGQVQCLCCCCSQYKKVECEPK
patent_peptide_68,QGCCCHCQCAFCQYCACELCK
patent_peptide_69,QGCVQHLQCACSQYKKCELACK
patent_peptide_70,QGCCCHCCCCFCQCCCVELFPC
patent_peptide_71,CACCQACCACESCAKCAECFCK
patent_peptide_72,CGOVCHLOCAFSOYKKCELFPKC
patent_peptide_73,CCQCOHLAACFAQYCACCCCCK
patent_peptide_74,CCCVCCLQAACCCYKKCCLCCK
patent_peptide_75,QAQAQHLCCAFCCCKKCELCPK
patent_peptide_76,QCCCQHCQAACSQAKACCCCPK
patent_peptide_77,QGQCCHLQCCFSQYKKCELFPKC
patent_peptide_78,CCQVCHLQCCAACYKKCCLFPC
patent_peptide_79,QGCVCHLCCCCCCCKCVECFCK
patent_peptide_80,QGCCOHLCAAFSQYKCVELFPK
patent_peptide_81,CCQCQHCQCCCSCYKKVECFPC
patent_peptide_82,QGQVQCLQAAASQYKKCELFCK
patent_peptide_83,QGQVQCLQCAFCCYKKVELFCC
patent_peptide_84,QGQCCCLQACCQYCKCECFPC
patent_peptide_85,CCQCOHAQCAFCACCCCACCCK
patent_peptide_86,CCQCQCLCAAFSCYKKVCCCPK
patent_peptide_87,CCCAHCACAFSQYKCACCCPC
patent_peptide_88,QGCVQHLQACCCQYCKVELCPK
patent_peptide_89,QCACACLCCACCCCKAAECFCK
patent_peptide_90,CGCCCHLCCCECOYKKCELFPKC
patent_peptide_91,CGOVCHLOCAFSGYKKCELFPKC
patent_peptide_92,QCCVCCAQACFCQKKCECCCA
patent_peptide_93,CGOCCHLOCCFCQYKKCELFPKC
patent_peptide_94,OGCCCHCCCCCOCCCVELFPC
patent_peptide_95,CGCCQCLCAACSCYCCVCLCCK
patent_peptide_96,QCQVQHLCCCFCCYKKVECCPC
